blood_bank_name,area,blood_group,contact
Lifesaver Blood Bank,Banjara Hills,A+,9756453787
Lifesaver Blood Bank,Banjara Hills,A-,9756453787
Lifesaver Blood Bank,Banjara Hills,B+,9756453787
Lifesaver Blood Bank,Banjara Hills,B-,9756453787
Lifesaver Blood Bank,Banjara Hills,O+,9756453787
Lifesaver Blood Bank,Banjara Hills,O-,9756453787
Lifesaver Blood Bank,Banjara Hills,AB+,9756453787
Lifesaver Blood Bank,Banjara Hills,AB-,9756453787
Hyderabad Blood Bank,Banjara Hills,O+,9756453787
Hyderabad Blood Bank,Banjara Hills,AB+,9756453787
Hyderabad Blood Bank,Banjara Hills,B+,9756453787
Hyderabad Blood Bank,Banjara Hills,A+,9756453787
Hyderabad Blood Bank,Banjara Hills,B-,9756453787
Hyderabad Blood Bank,Banjara Hills,AB-,9756453787
Hope Blood Bank,Jubilee Hills,B+,9756453787
Hope Blood Bank,Jubilee Hills,A-,9756453787
Hope Blood Bank,Jubilee Hills,AB+,9756453787
Hope Blood Bank,Jubilee Hills,O-,9756453787
Hope Blood Bank,Jubilee Hills,B-,9756453787
Vitality Blood Bank,Madhapur,AB-,9756453787
Vitality Blood Bank,Madhapur,AB+,9756453787
Vitality Blood Bank,Madhapur,B+,9756453787
Vitality Blood Bank,Madhapur,B-,9756453787
Vitality Blood Bank,Madhapur,A+,9756453787
Vitality Blood Bank,Madhapur,O+,9756453787
Vitality Blood Bank,Madhapur,O-,9756453787
Red Cross Blood Bank,Secunderabad,O+,9756453787
Red Cross Blood Bank,Secunderabad,O-,9756453787
Red Cross Blood Bank,Secunderabad,B+,9756453787
Red Cross Blood Bank,Secunderabad,AB+,9756453787
Red Cross Blood Bank,Secunderabad,A-,9756453787
Red Cross Blood Bank,Secunderabad,B-,9756453787
Angel's Touch Blood Bank,Kukatpally,O+,9756453787
Angel's Touch Blood Bank,Kukatpally,B+,9756453787
Angel's Touch Blood Bank,Kukatpally,A-,9756453787
Angel's Touch Blood Bank,Kukatpally,AB+,9756453787
Angel's Touch Blood Bank,Kukatpally,B+,9756453787
Angel's Touch Blood Bank,Kukatpally,A+,9756453787
Angel's Touch Blood Bank,Kukatpally,O-,9756453787
Beacon Blood Bank,Gachibowli,B-,9756453787
Beacon Blood Bank,Gachibowli,B+,9756453787
Beacon Blood Bank,Gachibowli,A-,9756453787
Beacon Blood Bank,Gachibowli,A+,9756453787
Beacon Blood Bank,Gachibowli,AB+,9756453787
Beacon Blood Bank,Gachibowli,O+,9756453787
Serenity Blood Bank,Hitech City,0+,9756453787
Serenity Blood Bank,Hitech City,B+,9756453787
Serenity Blood Bank,Hitech City,AB-,9756453787
Serenity Blood Bank,Hitech City,O-,9756453787
Serenity Blood Bank,Hitech City,AB+,9756453787
Serenity Blood Bank,Hitech City,A-,9756453787
Serenity Blood Bank,Hitech City,B-,9756453787
Serenity Blood Bank,Hitech City,A+,9756453787
Serenity Blood Bank,Hitech City,AB+,9756453787
Guardian Blood Bank,Miyapur,O+,9756453787
Guardian Blood Bank,Miyapur,B+,9756453787
Guardian Blood Bank,Miyapur,O-,9756453787
Guardian Blood Bank,Miyapur,A+,9756453787
Guardian Blood Bank,Miyapur,AB+,9756453787
Care Blood Bank,Kondapur,B+,9756453787
Care Blood Bank,Kondapur,A+,9756453787
Care Blood Bank,Kondapur,AB+,9756453787
Care Blood Bank,Kondapur,O+,9756453787
Care Blood Bank,Kondapur,B-,9756453787
Care Blood Bank,Kondapur,AB-,9756453787
Care Blood Bank,Kondapur,A-,9756453787
Care Blood Bank,Kondapur,O-,9756453787
LifeLine Blood Bank,Ameerpet,O+,9756453787
LifeLine Blood Bank,Ameerpet,B+,9756453787
LifeLine Blood Bank,Ameerpet,O-,9756453787
LifeLine Blood Bank,Ameerpet,AB-,9756453787
LifeLine Blood Bank,Ameerpet,A+,9756453787
LifeLine Blood Bank,Ameerpet,AB+,9756453787
LifeLine Blood Bank,Ameerpet,A-,9756453787
Heartbeat Blood Bank,Begumpet,B+,9756453787
Heartbeat Blood Bank,Begumpet,O+,9756453787
Heartbeat Blood Bank,Begumpet,O-,9756453787
Heartbeat Blood Bank,Begumpet,AB+,9756453787
Unity Blood Bank,Manikonda,O+,9756453787
Unity Blood Bank,Manikonda,A+,9756453787
Unity Blood Bank,Manikonda,B+,9756453787
Unity Blood Bank,Manikonda,A-,9756453787
Unity Blood Bank,Manikonda,O-,9756453787
BrightLife Blood Bank,Chandanagar,A-,9756453787
BrightLife Blood Bank,Chandanagar,A+,9756453787
BrightLife Blood Bank,Chandanagar,O-,9756453787
BrightLife Blood Bank,Chandanagar,B+,9756453787
BrightLife Blood Bank,Chandanagar,0+,9756453787
BrightLife Blood Bank,Chandanagar,AB-,9756453787
Pulse Blood Bank,Nampally,B+,9756453787
Pulse Blood Bank,Nampally,B-,9756453787
Pulse Blood Bank,Nampally,A-,9756453787
Pulse Blood Bank,Nampally,AB-,9756453787
Pulse Blood Bank,Nampally,O-,9756453787
Pulse Blood Bank,Nampally,O+,9756453787
Starlight Blood Bank,Khairatabad,O+,9756453787
Starlight Blood Bank,Khairatabad,O-,9756453787
Starlight Blood Bank,Khairatabad,B+,9756453787
Starlight Blood Bank,Khairatabad,B-,9756453787
Vitality Blood Bank,Mehdipatnam,B+,9756453787
Vitality Blood Bank,Mehdipatnam,O+,9756453787
Vitality Blood Bank,Mehdipatnam,A+,9756453787
Vitality Blood Bank,Mehdipatnam,A-,9756453787
Vitality Blood Bank,Mehdipatnam,B-,9756453787
Vitality Blood Bank,Mehdipatnam,AB+,9756453787
Vitality Blood Bank,Mehdipatnam,AB+,9756453787
Red Cross Blood Bank,Dilsukhnagar,O+,9756453787
Red Cross Blood Bank,Dilsukhnagar,B+,9756453787
Red Cross Blood Bank,Dilsukhnagar,A+,9756453787
Red Cross Blood Bank,Dilsukhnagar,O-,9756453787
Red Cross Blood Bank,Dilsukhnagar,B-,9756453787
Beacon Blood Bank,Srinagar Colony,O+,9756453787
Beacon Blood Bank,Srinagar Colony,B-,9756453787
Beacon Blood Bank,Srinagar Colony,B+,9756453787
Beacon Blood Bank,Srinagar Colony,A-,9756453787
Beacon Blood Bank,Srinagar Colony,A+,9756453787
Beacon Blood Bank,Srinagar Colony,AB+,9756453787
Beacon Blood Bank,Srinagar Colony,AB-,9756453787
Beacon Blood Bank,Srinagar Colony,O-,9756453787
Serenity Blood Bank,Himayat Nagar,AB-,9756453787
Serenity Blood Bank,Himayat Nagar,O+,9756453787
Serenity Blood Bank,Himayat Nagar,O-,9756453787
Serenity Blood Bank,Himayat Nagar,A+,9756453787
Serenity Blood Bank,Himayat Nagar,B+,9756453787
Guardian Blood Bank,Malakpet,O+,9756453787
Guardian Blood Bank,Malakpet,B+,9756453787
Guardian Blood Bank,Malakpet,A+,9756453787
Guardian Blood Bank,Malakpet,AB+,9756453787
Guardian Blood Bank,Malakpet,B-,9756453787
Care Blood Bank,Nizampet,AB+,9756453787
Care Blood Bank,Nizampet,AB-,9756453787
Care Blood Bank,Nizampet,B+,9756453787
Care Blood Bank,Nizampet,O+,9756453787
Care Blood Bank,Nizampet,A+,9756453787
Care Blood Bank,Nizampet,B-,9756453787
Care Blood Bank,Nizampet,A-,9756453787